paper_id,row_idx,year,team_size,members,member_ids_or_names,n_skills,skills
2888838050,99113,2020,3,2037336103_c._l._philip_chen|2110435249_zhijun_li|2115397990_yu_kang,7229|12392|13919,12,mathematics|artificial_intelligence|machine_learning|robot|hidden_markov_model|control_engineering|mixture_model|task_analysis|human–robot_interaction|exoskeleton_robot|admittance|exoskeleton
2889847541,99114,2020,3,2280789105_yaochu_jin|2692507199_yongsheng_ding|2108157351_kuangrong_hao,7035|13352|13353,12,mathematics|artificial_intelligence|machine_learning|distributed_computing|ranking|quality_of_service|forgetting|cluster_analysis|population|service_system|pareto_principle|internet_of_things
2890133123,99115,2020,4,2669647861_wei_li|2079160086_qian_du|2568389241_bing_zhang|2168598862_lianru_gao,10295|11802|11960|11961,12,mathematics|artificial_intelligence|machine_learning|pattern_recognition|decoding_methods|feature_extraction|data_set|ranging|convolutional_neural_network|lidar|hyperspectral_imaging|earth_observation
2891143597,99116,2020,4,2167769188_akiko_aizawa|2096377446_kiyoharu_aizawa|2164829603_junjun_jiang|2698415430_jiayi_ma,10861|11580|12774|13027,12,mathematics|artificial_intelligence|machine_learning|pattern_recognition|computational_complexity_theory|locality|iterative_reconstruction|source_code|face_hallucination|thresholding|likelihood-ratio_test|hallucinated
2892127739,99117,2020,3,2589657406_hongzhi_wang|2130201582_jianzhong_li|2607637236_hong_gao,5205|5206|5207,12,computer_science|artificial_intelligence|machine_learning|data_modeling|graph|data_science|data_management|probabilistic_database|xml|semi-structured_data|data_stream|uncertain_data
2893025380,99118,2020,3,2125567797_junzhi_yu|2170291655_chuandong_li|2139160212_tingwen_huang,6588|6971|9756,10,mathematics|mathematical_optimization|distributed_algorithm|linear_programming|optimization_problem|constrained_optimization|convex_optimization|interior_point_method|convex_function|gradient_method
2895548766,99119,2020,3,2113724362_yanwei_pang|2107070739_xuelong_li|2245267964_feiping_nie,5919|7018|7571,11,mathematics|mathematical_optimization|algorithm|matrix_(mathematics)|kernel_(linear_algebra)|embedding|cluster_analysis|logical_matrix|spectral_clustering|orthonormal_basis|orthogonal_matrix
2896371764,99120,2020,3,2567820109_athanasios_v._vasilakos|2229980583_junyu_dong|2617299861_ling_wang,9408|9530|11080,12,mathematics|sorting|artificial_intelligence|mathematical_optimization|machine_learning|operator_(computer_programming)|binary_number|optimization_problem|signal_processing|evolutionary_algorithm|crossover|online_data_processing
2896716530,99121,2020,3,2105720401_tianping_chen|2167396689_wenlian_lu|2166558591_licheng_jiao,2902|4767|6666,9,mathematics|mathematical_optimization|matrix_(mathematics)|convergence_(routing)|control_theory|markov_process|multi-agent_system|coupling|consensus_algorithm
2910317892,99122,2020,3,2139472747_xingwei_wang|2171177857_min_huang|2125785102_yuhui_shi,5270|5271|11392,11,mathematics|sorting|artificial_intelligence|mathematical_optimization|machine_learning|computation|optimization_problem|evolutionary_algorithm|curse_of_dimensionality|kriging|transfer_matrix
2914687076,99123,2020,3,2196297367_dima_grigoriev|2013300328_james_h._davenport|2620041422_andreas_weber,1339|3156|11651,11,discrete_mathematics|mathematics|algorithm|graph_theory|gaussian_elimination|parametric_statistics|numerical_analysis|symbolic_computation|parameter_space|biological_network|cylindrical_algebraic_decomposition
2920936890,99124,2020,3,2122434521_yuefeng_li|2123116766_yu-chu_tian|2148861000_maolin_tang,5570|11839|14149,11,distributed_computing|engineering|resource_management|quality_of_service|control_engineering|virtual_machine|efficient_energy_use|profiling_(computer_programming)|cloud_computing|data_center|reduction_(complexity)
2940632674,99125,2020,4,2137211123_kui_ren|2171804313_guoliang_li|2668553490_qi_li|2308064031_qian_wang,6266|6774|8882|9241,11,computer_science|artificial_intelligence|computer_vision|computer_security|communication_channel|encryption|grid|server|task_analysis|security_properties|crowdsourcing
2945228715,99126,2020,4,43892785_stefano_paraboschi|2087987499_pierangela_samarati|1957144376_sabrina_de_capitani_di_vimercati|1899658651_sara_foresti,658|964|2223|7059,11,computer_science|artificial_intelligence|computer_vision|computer_security|encryption|resource_management|slicing|economic_benefits|cloud_computing|supply_and_demand|cloud_storage
2950978907,99127,2020,4,2571495213_min_chen|2098800101_m._shamim_hossain|2589962325_wei_li|2018012874_abdulhameed_alelaiwi,7115|8637|12331|12881,12,mathematics|artificial_intelligence|machine_learning|human–computer_interaction|snapshot_(computer_storage)|vulnerability|information_fusion|monitoring_system|mobile_internet|data-driven|emotion_recognition|affective_computing
2951203659,99128,2020,3,2137211123_kui_ren|2143898475_zhenfu_cao|2105361934_xiaolei_dong,6266|6991|7689,12,computer_science|artificial_intelligence|computer_vision|computer_network|authentication|encryption|authentication_protocol|server|message_authentication_code|public-key_cryptography|ciphertext|location-based_service
2951464224,99129,2020,3,2059910451_jiebo_luo|2039801083_tao_mei|2925168341_zheng-jun_zha,1129|7135|8691,10,mathematics|artificial_intelligence|hierarchy|pattern_recognition|computer_vision|discriminative_model|minimum_bounding_box|feature_extraction|quantitative_evaluations|convolutional_neural_network
2952322013,99130,2020,3,1972602906_patrizio_colaneri|2073306696_franco_blanchini|2308883065_graziano_chesi,11401|11402|14209,6,computer_science|mathematical_optimization|regular_polygon|multivariate_polynomials|biological_network|structural_stability
2952624925,99131,2020,4,2152055663_zhiyong_feng|2127360511_ren_ping_liu|2236956829_wei_ni|2120293660_wenjun_xu,9007|10357|11173|11980,12,computer_science|artificial_intelligence|computer_vision|computer_network|communication_channel|fading|decoupling_(cosmology)|wireless|secrecy|convergence_of_random_variables|eavesdropping|maximal-ratio_combining
2953683172,99132,2020,4,136859070_witold_pedrycz|2145586806_laurence_t._yang|2659490034_jun_liu|1965944055_zheng_yan,2609|5714|13360|13565,5,mathematics|artificial_intelligence|machine_learning|sensor_fusion|heterogeneous_network
2954148014,99133,2020,3,2125104194_philip_s._yu|2525822525_jian_wu|2248621837_liang_chen,1154|7079|11351,12,computer_science|data_mining|artificial_intelligence|machine_learning|factorization|artificial_neural_network|filter_(signal_processing)|segmentation|novelty|information_overload|mobile_apps|mobile_app
2955049808,99134,2020,3,2127360511_ren_ping_liu|2109950266_y._jay_guo|2236956829_wei_ni,10357|11125|11173,12,computer_science|artificial_intelligence|pattern_recognition|computer_network|workload|markov_model|adaptive_system|network_operations_center|power-system_protection|denial-of-service_attack|cascading_failure|computer_virus
2956959730,99135,2020,3,2164878939_baoquan_chen|2141729011_zhouchen_lin|2151954441_liqiang_nie,2897|7127|11122,11,mathematics|artificial_intelligence|pattern_recognition|visualization|kernel_(linear_algebra)|discriminative_model|complementarity_(molecular_biology)|feature_extraction|modalities|cooperative_learning|overfitting
2962918709,99136,2020,3,2146901811_wen-tsuen_chen|2171185076_jemin_lee|2098710421_chun-i_fan,310|11479|11786,12,computer_science|artificial_intelligence|computer_vision|computer_network|authentication|mobile_telephony|handover|anonymity|mobile_device|base_station|authenticated_key_exchange|small_cell
2963081547,99137,2020,3,2138469899_debin_zhao|2112501112_shaohui_liu|2595303683_feng_jiang,3496|5438|6766,11,mathematics|artificial_intelligence|pattern_recognition|computational_complexity_theory|matrix_(mathematics)|sampling_(statistics)|deep_learning|iterative_reconstruction|convolutional_neural_network|compressed_sensing|matching_pursuit_algorithms
2963134949,99138,2020,4,2591563278_chen_chen|2164829603_junjun_jiang|2151584597_jia_wu|2698415430_jiayi_ma,12615|12774|12797|13027,11,mathematics|artificial_intelligence|pattern_recognition|image_resolution|discriminative_model|sharpening|image_fusion|fusion_rules|infrared|generative_adversarial_network|infrared_image
2963543535,99139,2020,4,2104853362_lingjiang_kong|2110245233_guolong_cui|2434467457_wei_yi|2128770514_zhi_sun,11971|12286|12775|13807,11,mathematics|algorithm|estimation_theory|control_theory|trajectory|fourier_transform|data_set|window_function|radar|acceleration|fractional_fourier_transform
2963774433,99140,2020,3,2006065444_marc_moonen|2078256164_marian_verhelst|2145525928_alexander_bertrand,5044|10834|11668,10,mathematics|algorithm|computational_complexity_theory|convergence_(routing)|control_theory|special_case|quantization_(signal_processing)|fuse_(electrical)|wireless_sensor_network|fusion_rules
2963848928,99141,2020,3,2571495213_min_chen|2123979082_mohammad_mehedi_hassan|2621139341_di_wu,7115|9158|11245,11,mathematics|artificial_intelligence|machine_learning|computation|deep_learning|information_flow_(information_theory)|entropy_(information_theory)|data_collection|population|cloud_computing|data_center
2964075274,99142,2020,3,2029230138_h._vincent_poor|685035541_holger_boche|2157520277_rafael_f._schaefer,786|8127|12778,10,computer_science|artificial_intelligence|data_modeling|pattern_recognition|computer_network|communication_channel|information_theory|key_generation|secrecy|source_model
2964808424,99143,2020,3,2101867916_sam_kwong|2508586812_yun_zhang|2134010418_shiqi_wang,7163|9600|11079,9,mathematics|artificial_intelligence|machine_learning|coding_(social_sciences)|deep_learning|compression_ratio|workflow|boosting_(machine_learning)|video_encoding
2964863143,99144,2020,3,2104853362_lingjiang_kong|2434467457_wei_yi|1971175456_giorgio_battistelli,11971|12775|12834,10,mathematics|mathematical_optimization|algorithm|posterior_probability|cluster_analysis|gaussian|cluster_(physics)|fusion|covariance_intersection|compensation_strategy
2965514477,99145,2020,3,2100637783_mingwei_xu|2306722670_ke_xu|2251040362_zhiliang_wang,3507|3962|6477,9,computer_science|distributed_computing|shortest_path_problem|software_deployment|network_packet|transmission_(mechanics)|bandwidth_utilization|software-defined_networking|multipath_transmission
2966342255,99146,2020,3,2137211123_kui_ren|2540637924_yang_xiang|2496669422_jun_zhang,6266|9847|11973,11,computer_science|artificial_intelligence|machine_learning|semantics|adversarial_system|robustness_(computer_science)|malware|feature_extraction|bytecode|android_(operating_system)|repackaging
2966343323,99147,2020,3,2029230138_h._vincent_poor|685035541_holger_boche|2157520277_rafael_f._schaefer,786|8127|12778,12,turing|computer_science|artificial_intelligence|theoretical_computer_science|pattern_recognition|verifiable_secret_sharing|communication_channel|computable_function|communications_protocol|turing_machine|secure_communication|communications_system
2966437064,99148,2020,4,2111212957_yo-sung_ho|2101867916_sam_kwong|2133826857_mei_yu|2508586812_yun_zhang,4748|7163|7316|9600,12,mathematics|artificial_intelligence|pattern_recognition|computer_vision|sparse_approximation|distortion|feature_extraction|pooling|video_quality|view_synthesis|flicker|spatial_distortion
2968674715,99149,2020,3,1250704735_c.-c._jay_kuo|2101867916_sam_kwong|2508586812_yun_zhang,3632|7163|9600,11,mathematics|artificial_intelligence|pixel|pattern_recognition|lossless_compression|image_compression|lossy_compression|sliding_window_protocol|binary_classification|human_visual_system_model|just-noticeable_difference
2968755415,99150,2020,3,1740996049_quan_z._sheng|2120459512_jun_han|2705677749_jian_yu,4317|7776|10418,9,computer_science|distributed_computing|software_system|computation|adaptability|first_class|workflow|web_service|service_composition
2969656655,99151,2020,3,2589657406_hongzhi_wang|2130201582_jianzhong_li|2607637236_hong_gao,5205|5206|5207,5,mathematics|artificial_intelligence|machine_learning|sketch|regression_analysis
2969869240,99152,2020,3,2135188225_chi-wing_fu|2164878939_baoquan_chen|1770354363_christophe_hurter,2430|2897|11784,3,computer_science|theoretical_computer_science|human–computer_interaction
2969922685,99153,2020,3,2589657406_hongzhi_wang|2130201582_jianzhong_li|2096731881_jing_gao,5205|5206|6783,11,mathematics|artificial_intelligence|machine_learning|distributed_computing|data_integrity|optimization_problem|iterative_method|scalability|conflict_resolution|denial|multi_source_data
2969958495,99154,2020,3,2145560065_xiangyang_zhu|2129010269_xinjun_sheng|2298923789_dario_farina,9612|12711|13165,11,mathematics|artificial_intelligence|pattern_recognition|interfacing|gesture|blind_signal_separation|train|gesture_recognition|high_density|electromyography|motor_unit
2970027214,99155,2020,3,2133183508_yu-kun_lai|2165502546_paul_l._rosin|2776929763_ming-ming_cheng,7810|9472|10252,12,mathematics|artificial_intelligence|pattern_recognition|computer_vision|deep_learning|cognitive_neuroscience_of_visual_object_recognition|artificial_neural_network|distortion|local_structure|depth_map|convolutional_neural_network|global_structure
2970642756,99156,2020,4,2141382980_francisco_herrera|2135965007_xiao-jun_zeng|2149762431_zeshui_xu|2169484477_huchang_liao,2345|12504|13344|13366,8,mathematics|upper_and_lower_bounds|linguistics|fuzzy_logic|correlation|multiple-criteria_decision_analysis|multiple_criteria|correlation_coefficient
2970868824,99157,2020,3,2079150322_wangmeng_zuo|2082144266_duoqian_miao|2142547891_ling_shao,6812|9185|11293,11,mathematics|artificial_intelligence|pattern_recognition|robustness_(computer_science)|convex_optimization|discriminative_model|sparse_approximation|cluster_analysis|visual_word|transfer_of_learning|similarity_learning
2971649845,99158,2020,3,53665920_reza_hoseinnezhad|265547219_alireza_bab-hadiashar|1971175456_giorgio_battistelli,7589|7590|12834,11,mathematics|mathematical_optimization|algorithm|sensor_fusion|kullback–leibler_divergence|wireless_sensor_network|bernoulli's_principle|poisson_distribution|fusion_rules|cauchy–schwarz_inequality|covariance_intersection
2971860826,99159,2020,3,2045358941_sébastien_ourselin|2034632209_tom_vercauteren|1453746643_marc_modat,3511|7393|9546,12,computer_science|artificial_intelligence|computer_vision|segmentation|surgical_planning|magnetic_resonance_imaging|radiology|radiation_treatment_planning|arthroplasty|implant_failure|muscle_atrophy|imaging_biomarker
2972024937,99160,2020,3,2136340264_sridha_sridharan|2108514551_simon_denman|2153049160_clinton_fookes,4241|6667|8082,9,mathematics|artificial_intelligence|machine_learning|network_architecture|segmentation|georgia_tech|extractor|temporal_context|generative_adversarial_network
2972094555,99161,2020,3,1975726436_junichi_yamagishi|1992698686_tomi_kinnunen|1965683459_jean-françois_bonastre,4289|7651|10983,2,computer_science|speech_recognition
2972210868,99162,2020,3,2163480178_yi_pan|2133814358_geyong_min|2166056233_jianxin_wang,1863|3414|9040,10,computer_science|distributed_computing|queue|network_packet|data_transmission|timeout|packet_loss|network_congestion|round-trip_delay_time|explicit_congestion_notification
2972321504,99163,2020,6,2894169371_matthew_j._katz|2038092830_shakhar_smorodinsky|2212538054_paz_carmi|2160907263_yoshio_okamoto|2140429713_matias_korman|2007090497_andré_van_renssen,1989|3495|5665|5666|9559|12613,11,combinatorics|discrete_mathematics|mathematics|time_complexity|simple_algorithm|upper_and_lower_bounds|intersection_graph|radius|sublinear_function|unit_disk|balanced_line
2972555443,99164,2020,3,2047018924_edwin_r._hancock|2492838068_jun_zhou|2095699825_xianglong_liu,3871|8354|12292,11,mathematics|artificial_intelligence|pattern_recognition|hash_function|cluster_analysis|k-nearest_neighbors_algorithm|image_retrieval|curse_of_dimensionality|subspace_topology|linear_subspace|binary_code
2972575607,99165,2020,3,1987606741_zahir_irani|2022224841_vishanth_weerakkody|2036611447_marijn_janssen,8397|8873|10561,4,knowledge_management|engineering|conceptual_framework|blockchain
2972612047,99166,2020,3,2108706841_caetano_traina|2017812127_agma_j._m._traina|2296888739_daniel_de_oliveira,3197|3198|10349,8,computer_science|artificial_intelligence|pattern_recognition|computer_vision|deep_learning|segmentation|mean_absolute_error|residual_neural_network
2973064640,99167,2020,5,691517805_marcin_paprzycki|1965064321_costin_bădică|88799218_maria_ganzha|2075460159_giancarlo_fortino|2027550000_mirjana_ivanović,6398|6825|6826|9992|13388,7,computer_science|distributed_computing|data_science|interoperability|solid_modeling|design_methods|internet_of_things
2973990382,99168,2020,3,2108293768_kishor_s._trivedi|2124014502_marco_gribaudo|315320619_vittorio_cortellessa,1292|3773|11821,11,computer_science|mathematical_optimization|distributed_computing|complex_system|queueing_theory|parametric_statistics|server|response_time|cloud_computing|uncertainty_quantification|openness_to_experience
2974113389,99169,2020,3,2109277643_yiran_chen|2582522661_peng_li|2139160212_tingwen_huang,5589|8102|9756,7,mathematics|upper_and_lower_bounds|algorithm|sampling_(statistics)|artificial_neural_network|periodic_graph_(geometry)|sliding_mode_control
2975052829,99170,2020,3,2306621260_azzedine_boukerche|183594098_georges_kaddoum|2097299098_neeraj_kumar,6320|11099|11830,11,computer_science|data_mining|real-time_computing|kernel_(linear_algebra)|cluster_analysis|nearest_neighbor_search|locality-sensitive_hashing|data_analysis|anomaly_detection|dbscan|firefly_algorithm
2975124241,99171,2020,5,2285988874_mianxiong_dong|2310054889_kaoru_ota|2600780458_tian_wang|2703907753_zhiping_cai|2163829365_anfeng_liu,8520|8521|8817|9737|12276,10,computer_science|distributed_computing|computer_network|disjoint_sets|network_packet|dissemination|transmission_delay|duty_cycle|energy_harvesting|big_data
2975796030,99172,2020,3,2096567806_changyun_wen|2120397414_hongye_su|2135136781_lorenzo_marconi,2507|10589|13011,9,mathematics|control_theory|nonlinear_system|steady_state|cascade|linear_system|design_strategy|internal_model|washout_filter
2975816306,99173,2020,3,698114488_albert_y._zomaya|2005115202_rajiv_ranjan|2097299098_neeraj_kumar,1648|8202|11830,11,computer_science|data_mining|distributed_computing|cluster_analysis|support_vector_machine|feature_selection|anomaly_detection|false_alarm|cloud_computing|restricted_boltzmann_machine|dunn_index
2976436416,99174,2020,3,136859070_witold_pedrycz|2057932303_bay_vo|2025687059_unil_yun,2609|12815|14204,5,database|computer_science|binary_number|database_transaction|dynamic_database
2977335235,99175,2020,3,2181987712_wei_xing_zheng|2148069246_jiahu_qin|2115397990_yu_kang,1469|10631|13919,9,discrete_mathematics|mathematics|mathematical_optimization|upper_and_lower_bounds|convergence_(routing)|lemma_(mathematics)|almost_surely|common_value_auction|martingale_(probability_theory)
2977650145,99176,2020,4,2150708589_dinggang_shen|2149678671_li_cheng|2159630719_yuanjie_zheng|2294937349_bin_sheng,3860|7771|8498|9562,12,mathematics|artificial_intelligence|computer_vision|medical_imaging|segmentation|population|grading_(education)|medical_physics|generalizability_theory|delegation_(computing)|diabetic_retinopathy|common_cause_and_special_cause
2979007271,99177,2020,3,2324750492_hui_li|2161394879_yintang_yang|2106132281_kuan_zhang,8090|12308|12377,11,computer_science|distributed_computing|computer_security|encryption|revocation|service_provider|data_sharing|computer_technology|security_analysis|outsourcing|cloud_computing
2979298112,99178,2020,3,123309386_kotagiri_ramamohanarao|737083156_rajkumar_buyya|369694639_satish_narayana_srirama,857|3115|7433,10,computer_science|distributed_computing|quality_of_service|service_delivery_framework|service_quality|service_provider|service-level_agreement|revenue|cloud_computing|edge_device
2979352286,99179,2020,3,2109979571_daniele_nardi|1633289514_roberto_basili|2167821181_danilo_croce,405|547|10097,12,mathematics|natural_language|artificial_intelligence|machine_learning|human–computer_interaction|robot_control|spoken_language|phrase|situated|structured_prediction|language_interpretation|distributional_semantics
2979518100,99180,2020,5,2141313922_josé_meseguer|661662328_carolyn_l._talcott|2132345048_francisco_durán|266786670_narciso_martí-oliet|2116214711_santiago_escobar,129|692|2473|2474|2622,10,mathematics|theoretical_computer_science|unification|rewriting|correctness|logical_framework|reachability|interpreter|modulo|symbolic_computation
2979599046,99181,2020,3,70209860_simo_hosio|325537935_vassilis_kostakos|2244811121_jorge_goncalves,8508|12024|12954,7,computer_science|human–computer_interaction|skew|experience_sampling_method|applied_psychology|response_rate_(survey)|self-report_study
2979739834,99182,2020,4,2131084071_david_dagan_feng|2226151461_liang_wang|2120394816_tieniu_tan|2343019993_zhiyong_wang,3196|4762|4764|4773,9,mathematics|natural_language|artificial_intelligence|natural_language_processing|machine_learning|closed_captioning|memorization|sentence_generation|graph_neural_networks
2980679575,99183,2020,3,2105822349_chin-teng_lin|2268041516_alan_wee-chung_liew|2163742976_wenjian_luo,8133|13847|14210,3,mathematics|artificial_intelligence|machine_learning
2981744453,99184,2020,3,2131585752_kuanquan_wang|2102383248_henggui_zhang|2679813363_shuo_li,6811|11884|11913,11,mathematics|artificial_intelligence|operator_(computer_programming)|pattern_recognition|convergence_(routing)|inference|smoothness|segmentation|correlation|differentiable_function|uncertainty_estimation
2981755851,99185,2020,3,2150392290_jianxin_liao|2162805909_qi_qi|2143984244_jingyu_wang,4057|9809|12295,7,computer_science|asynchronous_communication|speech_recognition|embedding|analogy|semantic_information|word_embedding
2982051274,99186,2020,3,2101154754_xiaohui_liu|2155610221_jinling_liang|2104171312_zidong_wang,2273|7065|7258,11,mathematics|recursion|upper_and_lower_bounds|perturbation_(astronomy)|applied_mathematics|estimator|control_theory|stochastic_process|error_variance|mathematical_induction|woodbury_matrix_identity
2982636646,99187,2020,3,191220263_leonardo_vanneschi|2040447644_luca_manzoni|2116914403_mauro_castelli,8055|11208|11442,10,computer_science|artificial_intelligence|machine_learning|decision_tree|health_informatics|randomized_controlled_trial|musical|active_listening|music_therapy|visual_analogue_scale
2983413613,99188,2020,4,211238549_stefania_gnesi|2352208385_pierpaolo_degano|2107566183_maurice_h._ter_beek|2094734848_axel_legay,60|62|6267|9722,9,computer_science|programming_language|automaton|formalism_(philosophy)|control_theory|orchestration_(computing)|criticality|structural_level|supervisory_control_theory
2983809055,99189,2020,3,2133400326_weifa_liang|2043417786_alex_galis|1977846170_george_pavlou,1732|3364|5709,11,computer_science|distributed_computing|computer_network|heuristic_(computer_science)|fault_tolerance|approximation_algorithm|virtual_machine|intrusion_detection_system|virtual_network|cloud_computing|stateful_firewall
2984254165,99190,2020,4,2150708589_dinggang_shen|2139768026_christian_desrosiers|2140484217_li_wang|1996357287_ismail_ben_ayed,3860|9064|9808|11911,12,artificial_intelligence|image_segmentation|pattern_recognition|computer_vision|ranking|medicine|limiting|segmentation|image_quality|partial_volume|brain_mri|convolutional_neural_network
2986702146,99191,2020,3,2268484981_wee_ser|2108491545_zhiping_lin|2473510192_badong_chen,4163|4283|13284,11,computer_science|mathematical_optimization|algorithm|computational_complexity_theory|optimization_problem|convergence_(routing)|robustness_(computer_science)|cluster_analysis|outlier|gradient_descent|non-negative_matrix_factorization
2988785208,99192,2020,3,2024204244_umapada_pal|2308861805_palaiahnakote_shivakumara|2106442809_tong_lu,9224|11160|12783,9,mathematics|artificial_intelligence|pattern_recognition|computer_vision|delaunay_triangulation|k-nearest_neighbors_algorithm|text_detection|false_positive_paradox|cosine_distance
2990211342,99193,2020,4,1150715340_antonella_santone|2107438709_fabio_martinelli|1054743262_eric_medvet|1080042580_francesco_mercaldo,2204|3143|9797|13168,5,computer_science|computer_security|malware|android_(operating_system)|android_malware
2990921230,99194,2020,3,2159446685_stéphane_bressan|154880864_sihem_mesnager|319880114_talel_abdessalem,4279|12150|13855,3,computer_science|computer_security|netflow
2991880138,99195,2020,3,2138265038_yue_xiao|2141789269_huseyin_arslan|2101464133_ertugrul_basar,8021|10182|11064,4,computer_science|computer_network|wireless_network|radio_access
2991909137,99196,2020,3,2121150543_li_shen|2171622173_andrew_j._saykin|2132417921_daoqiang_zhang,3262|4788|5940,11,mathematics|artificial_intelligence|pattern_recognition|modal|support_vector_machine|modalities|feature_selection|regularization_(mathematics)|mel-frequency_cepstrum|neuroimaging|random_forest
2992426198,99197,2020,5,2122647425_miao_pan|114740537_arumugam_nallanathan|2620790448_yunfei_chen|2078390050_tolga_m._duman|1927311757_nan_zhao,7981|11815|11851|12303|12398,5,computer_science|computer_network|wireless_network|energy_harvesting|wireless_power_transfer
2992556107,99198,2020,3,1883547888_haridimos_kondylakis|158051236_manolis_tsiknakis|2116214042_feng_dong,9259|12913|12914,11,computer_science|information_retrieval|information_and_communications_technology|nursing|psychological_resilience|cancer|disease|chronic_condition|rehabilitation|mood|precision_medicine
2993015351,99199,2020,3,2125211758_ansuman_banerjee|2142055773_bhargab_b._bhattacharya|2112579538_robert_wille,4777|5057|11261,7,computer_science|parallel_computing|granularity|drop_(liquid)|nanotechnology|biochip|micro_electrode_dot_array
2993040984,99200,2020,4,114740537_arumugam_nallanathan|2149964558_weisi_guo|2145238113_chenglin_zhao|2118796906_yansha_deng,11815|12656|12766|13262,11,mathematics|electronic_engineering|communication_channel|signal_processing|control_theory|noise_measurement|signal-to-noise_ratio|detection_theory|channel_state_information|stochastic_resonance|molecular_communication
2993465864,99201,2020,3,53665920_reza_hoseinnezhad|2104853362_lingjiang_kong|2434467457_wei_yi,7589|11971|12775,11,mathematics|mathematical_optimization|algorithm|metric_(mathematics)|approximation_algorithm|sensor_fusion|cluster_analysis|gaussian|fusion|bernoulli's_principle|covariance_intersection
2993515580,99202,2020,3,2058210145_christos_davatzikos|2256035286_yong_fan|1973781812_jurgen_fripp,3862|4081|6910,11,image_processing|medical_imaging|visualization|psychology|cartography|cognitive_psychology|pooling|neuroimaging|harmonization|brain_development|big_data
2993922222,99203,2020,5,2118594919_f._richard_yu|1976698169_mohamed-slim_alouini|2620790448_yunfei_chen|2078390050_tolga_m._duman|1927311757_nan_zhao,9929|10183|11851|12303|12398,2,computer_science|computer_network
2994803162,99204,2020,3,2123125279_holger_karl|2150233038_ling_shi|2103652929_daniel_e._quevedo,5021|10828|13489,11,mathematics|mathematical_optimization|distributed_computing|scheduling_(computing)|job_shop_scheduling|reinforcement_learning|wireless_network|access_network|markov_decision_process|default_gateway|cyber-physical_system
2994954803,99205,2020,4,2124415778_wang_yi|2229430579_xue_liu|2121823872_qingxu_deng|2125811161_nan_guan,1405|5158|6852|8504,10,computer_science|correctness|real-time_computing|genetic_algorithm|global_positioning_system|upload|inertial_navigation_system|inertial_measurement_unit|sampling_time|drone
2994996101,99206,2020,3,2312160964_eli_de_poorter|2108912406_wout_joseph|1986597048_luc_martens,8564|9844|11180,12,artificial_intelligence|pattern_recognition|computer_vision|engineering|deep_learning|cross-validation|mobile_device|convolutional_neural_network|sampling_(signal_processing)|accelerometer|activity_detection|pony
2995025901,99207,2020,3,316105680_hynek_hermansky|2255063064_shinji_watanabe|1988701769_takaaki_hori,1070|4298|5038,10,computer_science|robustness_(computer_science)|speech_recognition|connectionism|decoding_methods|word_error_rate|end-to-end_principle|test_set|encoder|microphone
2995336301,99208,2020,3,2095866887_xiaohu_you|2302688882_chuan_zhang|2106907158_zaichen_zhang,6004|9622|13785,12,computer_science|artificial_intelligence|message_passing|electronic_engineering|computer_engineering|communication_channel|robustness_(computer_science)|deep_learning|artificial_neural_network|hardware_architecture|mimo|belief_propagation
2995454814,99209,2020,3,494248588_yves_le_traon|2157836386_koushik_sen|2170031156_mike_papadakis,4475|5255|12659,7,computer_science|data_mining|sampling_(statistics)|test_case|prioritization|mutation_testing|mutant
2995493473,99210,2020,4,336473884_peter_eades|2131290400_henk_meijer|2120045270_emilio_di_giacomo|282852810_fabrizio_montecchiani,279|956|4464|11806,12,combinatorics|discrete_mathematics|mathematics|graph|connected_component|topology|planar|vertex_(geometry)|topological_graph|planar_embedding|spanning_subgraph|edge_density
2995659391,99211,2020,5,2168417342_hai_jin|2156309545_hanhua_chen|2133707332_xiuzhen_cheng|2158095242_dongxiao_yu|2134009954_jiguo_yu,3003|5355|9449|12871|12927,4,computer_science|distributed_computing|graph|parallel_computing
2995680100,99212,2020,3,2159071428_xinghuo_yu|2097525001_jinde_cao|2128158335_guanghui_wen,4744|7066|12598,11,mathematics|bounded_function|mathematical_optimization|distributed_algorithm|linear_equation|convergence_(routing)|initialization|applied_mathematics|finite_time|settling_time|nonlinear_algorithms
2996400411,99213,2020,3,231645210_roberto_giacobazzi|2147391338_roberto_bruni|2133253165_dusko_pavlovic,502|2265|5583,11,computer_science|equivalence_(measure_theory)|theoretical_computer_science|if_and_only_if|algebra|program_analysis|abstract_interpretation|special_case|turing_completeness|obfuscation_(software)|extensionality
2996616347,99214,2020,3,2171177052_david_camacho|2242896051_xin-she_yang|1808118079_javier_del_ser,4760|12349|14089,9,mathematics|artificial_intelligence|machine_learning|operator_(computer_programming)|computation|ranking|heuristics|metaheuristic|randomized_search
2996647257,99215,2020,3,2643891464_guihai_chen|2121207983_chen_tian|2155983813_wanchun_dou,3530|9696|9793,10,computer_science|distributed_computing|scheduling_(computing)|distributed_database|throughput|network_packet|latency_(engineering)|network_congestion|data_loss|distributed_data_store
2996696953,99216,2020,3,2250777962_marlon_dumas|2136272530_marcello_la_rosa|2009199138_fabrizio_maria_maggi,3504|8420|11681,10,computer_science|data_mining|notation|usable|process_modeling|cluster_analysis|enterprise_information_system|business_process_modeling|business_process_model_and_notation|business_process_discovery
2996714391,99217,2020,3,2129619966_aarti_gupta|2119684617_ratul_mahajan|2161850330_david_walker,4201|4631|5126,11,computer_science|theoretical_computer_science|distributed_computing|abstract_interpretation|scaling|reachability|suite|network_simulation|service_provider|routing_protocol|border_gateway_protocol
2996765912,99218,2020,3,36717893_george_k._karagiannidis|1985766248_paschalis_c._sofotasios|2277481822_sami_muhaidat,8076|12929|13211,4,computer_science|resource_allocation|computer_network|backhaul_(telecommunications)
2996812664,99219,2020,3,1245985325_daisuke_deguchi|2063301822_ichiro_ide|2126729773_hiroshi_murase,5996|6054|6213,6,mathematics|artificial_intelligence|theoretical_computer_science|machine_learning|segmentation|pedestrian
2996871726,99220,2020,3,2157200871_paolo_rosso|2162966668_monojit_choudhury|2121266603_sivaji_bandyopadhyay,5141|8121|10084,10,computer_science|world_wide_web|the_internet|scripting_language|spelling|mobile_broadband|cultural_diversity|latin_script|code-mixing|vernacular
2997060057,99221,2020,3,737083156_rajkumar_buyya|369694639_satish_narayana_srirama|1271724398_shanika_karunasekera,3115|7433|8912,11,computer_science|distributed_computing|scheduling_(computing)|real-time_computing|dynamic_priority_scheduling|cost_efficiency|job_scheduler|virtual_machine|cloud_computing|big_data|spark_(mathematics)
2997089994,99222,2020,3,296576950_leonard_barolli|2251207388_makoto_ikeda|2156040166_keita_matsuo,3757|3758|9337,10,computer_science|fuzzy_logic|real-time_computing|software_deployment|the_internet|automation|testbed|automotive_industry|situation_awareness|edge_computing
2997114037,99223,2020,3,2643891464_guihai_chen|2121207983_chen_tian|2155216412_haipeng_dai,3530|9696|12521,10,computer_science|computer_network|approximation_algorithm|software_deployment|throughput|server|multi-core_processor|cellular_network|radio_access_network|software-defined_networking
2997240345,99224,2020,3,2166558591_licheng_jiao|2144442131_biao_hou|2146699064_shuyuan_yang,6666|7619|12894,12,mathematics|artificial_intelligence|pixel|pattern_recognition|image_resolution|robustness_(computer_science)|remote_sensing|deep_learning|network_model|contextual_image_classification|multispectral_image|panchromatic_film
2997275343,99225,2020,3,2003392427_hiroki_matsutani|2083957104_michihiro_koibuchi|2149171869_hideharu_amano,6653|6654|6655,6,computer_science|artificial_intelligence|theoretical_computer_science|computer_vision|supercomputer|deadlock_free
2997287338,99226,2020,3,1903060929_david_peleg|2278892267_amotz_bar-noy|120360021_dror_rawitz,164|196|8550,8,combinatorics|discrete_mathematics|mathematics|graph|vertex_(geometry)|degree_(graph_theory)|realizability|graph_realization_problem
2997442262,99227,2020,4,2131215675_keqin_li|2150881929_jiahai_yang|2251040362_zhiliang_wang|2138989563_xia_yin,1862|3213|6477|6478,12,computer_science|data_mining|artificial_intelligence|distributed_computing|adaptability|deep_learning|data_set|ensemble_learning|network_security|anomaly_detection|complex_network|autoencoder
2997459069,99228,2020,3,2131084071_david_dagan_feng|2153170226_yanning_zhang|2172294716_xiaopeng_zhang,3196|7418|11583,5,computer_science|distributed_computing|statistical_physics|particle_system|smoothed-particle_hydrodynamics
2997466457,99229,2020,4,2128973172_jianping_pan|2103197331_lin_cai|2342910380_alexey_vinel|2168251772_jianping_he,3731|5467|10244|12114,10,computer_science|random_access|resource_allocation|computer_network|resource_management|network_performance|the_internet|internet_access|network_congestion|service_guarantee
2997575080,99230,2020,3,2169001842_guangming_shi|2134010418_shiqi_wang|2146928521_leida_li,10552|11079|12291,8,mathematics|operator_(computer_programming)|statistics|rendering_(computer_graphics)|image_quality|video_quality|view_synthesis|random_forest
2997593252,99231,2020,3,2135302507_guangwen_yang|2065019757_depei_qian|2156865375_zhongzhi_luan,5212|9986|9987,11,computer_science|distributed_computing|parallel_computing|implementation|scaling|supercomputer|speedup|scalability|vectorization_(mathematics)|midpoint|sunway_taihulight
2997601075,99232,2020,3,1967112938_saket_saurabh|1813900683_daniel_lokshtanov|317089815_fahad_panolan,7642|8566|12699,4,combinatorics|discrete_mathematics|computer_science|feedback_vertex_set
2997662139,99233,2020,3,2146273806_min-yen_kan|2129930771_richang_hong|2155461083_xiangnan_he,4426|8592|11291,8,computer_science|information_retrieval|converse|conversation|ask_price|recommender_system|interaction_framework|action_stage
2997683937,99234,2020,4,2076586244_branka_vucetic|2124065544_yonghui_li|2462088444_dusit_niyato|2714073915_ming_ding,4792|7101|7993|10655,11,mathematics|mathematical_optimization|computer_architecture|architecture|signal_processing|perception|agile_software_development|technology_development|spectrum_management|vision|current_spectrum
2997716981,99235,2020,3,1967112938_saket_saurabh|1813900683_daniel_lokshtanov|2671555428_meirav_zehavi,7642|8566|13560,5,combinatorics|discrete_mathematics|computer_science|graph|trade_offs
2997745189,99236,2020,3,2589657406_hongzhi_wang|2130201582_jianzhong_li|2607637236_hong_gao,5205|5206|5207,11,computer_science|artificial_intelligence|machine_learning|scalability|result_set|search_engine|synthetic_data|recommender_system|diversification_(marketing_strategy)|big_data|string_data.
2997917434,99237,2020,3,2160103853_mingoo_seok|2136734275_hsie-chia_chang|2109267884_meng-fan_chang,8789|9602|12921,7,computer_science|electronic_engineering|electronic_circuit|telecommunications|digital_electronics|solid-state|wireline
2997919341,99238,2020,3,2526008467_min_zhang|2109195263_shaoping_ma|2111097927_yiqun_liu,3941|4326|4327,3,computer_science|information_retrieval|click_model
2997967268,99239,2020,3,2115051999_changle_zhou|2129510057_longzhi_yang|2104563149_chih-min_lin,12754|13932|14129,12,mathematics|artificial_intelligence|machine_learning|generative_grammar|implementation|robot|human–computer_interaction|adversarial_system|font|writing_style|movement_planning|calligraphy
2997993540,99240,2020,3,2003768579_jun-ichi_takada|2108912406_wout_joseph|1986597048_luc_martens,6557|9844|11180,11,computer_science|algorithm|distributed_computing|communication_channel|preprocessor|smoothing|multipath_propagation|mimo|radio_channel|reverberation|power_delay_profile
2998000750,99241,2020,3,2129598186_xueqi_cheng|2154124860_yanyan_lan|2581340266_jiafeng_guo,7242|9364|9539,6,computer_science|artificial_intelligence|natural_language_processing|information_retrieval|maximum_likelihood|reading_comprehension
2998074030,99242,2020,3,2148973427_ke_tang|2617299861_ling_wang|2118480017_liang_gao,10141|11080|11739,10,mathematics|algorithm|optimization_problem|convergence_(routing)|initialization|genetic_algorithm|metaheuristic|selection_algorithm|inversion_(meteorology)|amplitude_versus_offset
2998092468,99243,2020,3,2102163052_luxi_yang|2100829531_yongming_huang|2110710021_chunguo_li,9578|9635|10517,11,computer_science|mathematical_optimization|distributed_computing|integer|optimization_problem|minification|cascade|maximization|inner_loop|stochastic_optimization|simultaneous_perturbation_stochastic_approximation
2998210727,99244,2020,3,2137000917_avrim_blum|2070867630_tuomas_sandholm|160737525_ariel_d._procaccia,496|2516|8725,9,mathematics|mathematical_optimization|graph|matching_(graph_theory)|special_case|ignorance|stochastic_matching|bliss|stochastic_theory
2998326588,99245,2020,3,2143115300_yu-gang_jiang|2484821979_qi_zhang|2161482855_xuanjing_huang,8330|9303|9305,3,computer_science|information_retrieval|question_answering
2998387261,99246,2020,3,1994611422_zhi-hong_guan|2148851591_jian_huang|2160122770_dongrui_wu,3399|10390|13506,9,discrete_mathematics|mathematics|bounded_function|applied_mathematics|filter_(signal_processing)|recursion_(computer_science)|interval_arithmetic|stability_theory|ellipsoid
2998463260,99247,2020,3,2170397409_yusheng_ji|2129548955_xianfu_chen|2160702425_celimuge_wu,8766|10564|13510,7,computer_science|distributed_computing|computer_network|network_performance|routing_protocol|computer_communication_networks|copy_control
2998477227,99248,2020,4,2168614097_mark_sanderson|2526008467_min_zhang|2109195263_shaoping_ma|2111097927_yiqun_liu,1322|3941|4326|4327,3,computer_science|information_retrieval|mobile_search
2998583497,99249,2020,3,2095866887_xiaohu_you|2302688882_chuan_zhang|2106907158_zaichen_zhang,6004|9622|13785,11,algorithm|speedup|physics|minimum_mean_square_error|quantum_mechanics|quantum_algorithm|quantum_computer|mimo|quantum|quantum_information_science|quantum_state
2998594010,99250,2020,3,2147225627_alexander_russell|2132327253_cristopher_moore|81359666_aggelos_kiayias,2091|3172|5330,5,combinatorics|discrete_mathematics|computer_science|chain_rule|proof-of-stake
2998700197,99251,2020,3,2147795187_guodong_zhou|2100532720_qiaoming_zhu|2121809210_shoushan_li,7205|8707|9319,6,computer_science|linguistics|rule-based_machine_translation|artificial_neural_network|document_representation|stance_detection
2998843375,99252,2020,3,2006065444_marc_moonen|198652594_simon_doclo|132733476_toon_van_waterschoot,5044|8285|10041,10,computer_science|speech_recognition|kalman_filter|noise_reduction|deconvolution|beamforming|spatial_filter|microphone|linear_prediction|speech_enhancement
2998868602,99253,2020,3,2129038776_rose_qingyang_hu|2160122905_zan_li|2768233042_fuhui_zhou,7744|13610|13875,4,computer_science|computer_network|vehicle_networks|mobile_edge_computing
2998894965,99254,2020,3,2162147167_guanfeng_liu|1994973432_mehmet_a._orgun|2648998853_junping_du,9563|10549|12330,7,computer_science|artificial_intelligence|machine_learning|graph|data_science|data_management|social_network
2998897772,99255,2020,3,2952230475_giuseppe_liotta|222580069_maurizio_patrignani|2168469989_walter_didimo,926|2687|2723,6,combinatorics|discrete_mathematics|time_complexity|computer_science|graph|planar
2998939484,99256,2020,3,2143584880_ming_zhou|2171151462_furu_wei|2127190231_tiejun_zhao,3068|9125|11384,8,computer_science|speech_recognition|recurrent_neural_network|sentence|artificial_neural_network|automatic_summarization|encoder|document_summarization
2999107064,99257,2020,3,2577805141_xin_wang|2421181771_wei_yu|2154119036_xiaojun_yuan,2414|7786|8388,10,computer_science|algorithm|message_passing|communication_channel|performance_improvement|oracle|gaussian|detection_theory|minimum_mean_square_error|rotational_invariance
2999108654,99258,2020,3,1969670978_dragan_gašević|2070496659_hendrik_drachsler|1995220988_carlos_delgado_kloos,6797|11267|11372,4,computer_science|knowledge_management|multinational_corporation|learning_analytics
2999145585,99259,2020,3,2171177506_yi_qian|2699322216_kun_wang|2136229164_joel_j._p._c._rodrigues,7743|8002|10506,7,computer_science|computer_network|energy_management|risk_analysis_(engineering)|energy_management_system|special_section|energy_service
2999168227,99260,2020,3,2008059451_andreas_herkersdorf|2129844705_muhammad_shafique|2130344165_jorg_henkel,5391|11397|11398,4,computer_science|distributed_computing|resource_management|combinatorial_auction
2999250529,99261,2020,3,2200192130_jian_sun|2151599629_dagan_feng|2228032833_zongben_xu,5515|7419|9492,11,mathematics|artificial_intelligence|pattern_recognition|coding_(social_sciences)|preprocessor|cad|color_normalization|lesion|standard_test_image|retinal|neural_coding
2999272775,99262,2020,3,2060012744_fulvio_gini|2045786557_luca_sanguinetti|241989511_braham_himed,6891|12239|12460,11,mathematics|communication_channel|topology|control_theory|expression_(mathematics)|communications_system|asymptotic_analysis|transceiver|base_station|mimo|false_alarm
2999412776,99263,2020,3,2168417342_hai_jin|2101990867_deqing_zou|2318895841_kim-kwang_raymond_choo,3003|5061|8015,5,computer_science|computer_network|vulnerability|smart_contract|gas_consumption
2999528193,99264,2020,3,2543883304_liang_liu|160332629_ove_edfors|2093097121_fredrik_rusek,9036|11841|11842,10,mathematics|algorithm|interconnection|throughput|bottleneck|scalability|telecommunications_link|mimo|precoding|daisy_chain
2999593349,99265,2020,4,2524404606_hui_wang|2579747019_wensheng_zhang|2162899713_zhihua_cui|2170756005_jinjun_chen,4640|7186|8447|8837,8,mathematics|algorithm|coal_mining|particle_swarm_optimization|coal|evolutionary_operators|social_benefits|coal_gangue
2999649805,99266,2020,3,2526008467_min_zhang|2109195263_shaoping_ma|2111097927_yiqun_liu,3941|4326|4327,4,computer_science|data_mining|sampling_(statistics)|matrix_decomposition
2999686422,99267,2020,3,2342447341_jeroen_hoebeke|2312160964_eli_de_poorter|2100743204_jeroen_famaey,5845|8564|9200,11,electronic_engineering|mobile_robot|systems_engineering|software_deployment|engineering|wireless_network|wireless|cost_reduction|wirelesshart|ieee_802.11ah|isa100.11a
2999722961,99268,2020,4,2131854424_shaojun_wei|2099898379_sheng_zhou|2169457876_shouyi_yin|2152438523_leibo_liu,7703|9573|10297|10298,11,mathematics|algorithm|computational_complexity_theory|computation|throughput|control_theory|conjugate_gradient_method|chip|field-programmable_gate_array|mimo|likelihood-ratio_test
2999773312,99269,2020,3,2006065444_marc_moonen|198652594_simon_doclo|132733476_toon_van_waterschoot,5044|8285|10041,12,computer_science|artificial_intelligence|algorithm|pattern_recognition|square_root|singular_value_decomposition|approximation_error|covariance_matrix|eigenvalues_and_eigenvectors|short-time_fourier_transform|orthogonal_procrustes_problem|unitary_matrix
2999929549,99270,2020,3,2117300371_xinggang_wang|2157883762_bo_du|2104063197_lefei_zhang,10778|11492|11992,5,mathematics|artificial_intelligence|machine_learning|feature_vector|encoder
3000176868,99271,2020,3,1993545900_gang_feng|2119203399_xinping_guan|2140520811_cailian_chen,2177|6188|6293,9,mathematics|robot|estimator|control_theory|a_priori_and_a_posteriori|orthogonality|integrator|circular_motion|bearing_(mechanical)
3000297473,99272,2020,4,2147318369_kirk_pruhs|2289968293_viswanath_nagarajan|2160709719_sungjin_im|2112667434_benjamin_moseley,3936|9081|10042|10043,10,discrete_mathematics|mathematics|computer_network|approximation_algorithm|network_planning_and_design|online_algorithm|idle|virtual_circuit_routing|scalability|efficient_energy_use
3000433034,99273,2020,3,406154369_alfonso_pierantonio|2044930014_richard_f._paige|260671297_antonio_bucchiarone,3696|6098|7173,6,computer_science|systems_engineering|grand_challenges|engineering_ethics|model-driven_architecture|state_of_practice
3000467652,99274,2020,3,111041040_takeshi_furuhashi|2202995150_masayoshi_kanoh|2158833350_tomohiro_yoshikawa,2607|13394|13395,8,computer_science|artificial_intelligence|machine_learning|robot|cognitive_science|collaborative_learning|learning_effect|cognitive_apprenticeship
3000590188,99275,2020,3,2159629068_juan-carlos_cano|1275671463_pietro_manzoni|2138533029_carlos_t._calafate,5156|5157|7899,9,electronic_engineering|terrain|real-time_computing|engineering|genetic_algorithm|optimization_algorithm|path_loss|dynamic_positioning|flight_altitude
3000608232,99276,2020,3,243724773_shunsuke_inenaga|2558385632_masayuki_takeda|1971461878_hideo_bannai,3744|3745|4336,9,combinatorics|discrete_mathematics|mathematics|spacetime|computation|dynamic_programming|longest_common_subsequence_problem|substring|sigma
3000669038,99277,2020,3,2314248868_yunghsiang_s._han|2051915741_pramod_k._varshney|2160840434_po-ning_chen,5513|5514|6420,10,mathematics|mathematical_optimization|computer_network|byzantine_architecture|minification|fusion_center|wireless_sensor_network|blinding|byzantine_attack|general_problem
3000688900,99278,2020,4,2285988874_mianxiong_dong|2310054889_kaoru_ota|2600780458_tian_wang|2163829365_anfeng_liu,8520|8521|8817|12276,10,computer_science|resource_allocation|operator_(computer_programming)|computer_network|asynchronous_communication|convergence_(routing)|orchestration_(computing)|markov_chain|wireless_network|mobile_vehicle
3000696177,99279,2020,3,2102111143_jianping_wu|2668553490_qi_li|2646065768_cong_wang,3506|8882|10106,11,computer_science|distributed_computing|computer_network|semantics|correctness|model_checking|packet_forwarding|networking_hardware|stateless_protocol|stateful_firewall|network_verification
3000722155,99280,2020,3,70209860_simo_hosio|2244811121_jorge_goncalves|2133187495_anna_l._cox,8508|12954|14211,7,computer_science|knowledge_management|data_collection|experience_sampling_method|crowdsourcing|citizen_science|mobile_data_collection
3000801205,99281,2020,3,2095866887_xiaohu_you|2100829531_yongming_huang|2133168562_yindi_jing,6004|9635|12125,11,mathematics|mathematical_optimization|electronic_engineering|quantization_(signal_processing)|efficient_energy_use|optimal_design|telecommunications_link|base_station|mimo|ternary_operation|flight_dynamics_(spacecraft)
3000818292,99282,2020,3,307593211_sasu_tarkoma|1643434777_petteri_nurmi|2137657229_michael_g._pecht,10581|13081|13851,4,computer_science|electrical_engineering|battery_(electricity)|internet_of_things
3000875592,99283,2020,3,1905000215_werner_nutt|1987600604_diego_calvanese|2037532978_evgeny_kharlamov,434|1099|8391,10,time_complexity|computer_science|artificial_intelligence|theoretical_computer_science|machine_learning|computation|description_logic|ontology_language|web_ontology_language|knowledge_evolution
3000876080,99284,2020,3,1991808295_thomas_fahringer|2004848210_radu_prodan|2039568927_sasko_ristov,3091|9140|13833,4,computer_science|distributed_computing|computation|workflow
3001192515,99285,2020,3,2138352179_haibin_ling|2169261594_jianbing_shen|2142547891_ling_shao,9666|10328|11293,7,computer_science|artificial_intelligence|pattern_recognition|bounding_overwatch|sharpening|motion_blur|deblurring
3001384475,99286,2020,3,2119853680_toru_ishida|2156604162_yohei_murakami|2114710998_donghui_lin,2403|10738|10739,12,computer_science|artificial_intelligence|machine_learning|world_wide_web|personalization|automation|constructed_language|bilingual_dictionary|indonesian|language_grid|ethnic_group|turkic_languages
3001466391,99287,2020,4,2100052106_erik_g._larsson|2147527712_cheng-xiang_wang|2142852865_marco_di_renzo|2019296517_slawomir_stanczak,4616|8846|10866|12027,8,computer_science|artificial_intelligence|distributed_computing|computer_network|communication_channel|wireless_network|wireless|network_management
3001641764,99288,2020,3,2113724362_yanwei_pang|2169261594_jianbing_shen|2142547891_ling_shao,5919|10328|11293,9,computer_science|artificial_intelligence|hierarchy|machine_learning|inference|artificial_neural_network|parsing|information_fusion|differentiable_function
3001788335,99289,2020,3,2120420179_maria_fazio|1999297885_massimo_villari|1545067761_antonio_celesti,6604|6605|11206,10,computer_science|data_mining|bottleneck|scalability|cloud_computing|internal_medicine|cardiology|big_data|spark_(mathematics)|heart_health
3001984544,99290,2020,3,401833296_maarten_de_rijke|2155461083_xiangnan_he|2170531144_dawei_yin,2116|11291|13731,2,computer_science|information_retrieval
3002072570,99291,2020,3,698114488_albert_y._zomaya|2162186284_sun-yuan_hsieh|737083156_rajkumar_buyya,1648|2221|3115,10,computer_science|distributed_computing|workload|quality_of_service|virtual_machine|energy_consumption|efficient_energy_use|cloud_computing|information_explosion|cloudsim
3002240277,99292,2020,4,1967112938_saket_saurabh|1813900683_daniel_lokshtanov|1948792888_m._s._ramanujan|2671555428_meirav_zehavi,7642|8566|11608|13560,5,combinatorics|discrete_mathematics|computer_science|parameterized_complexity|transversal_(geometry)
3002563897,99293,2020,3,2002991493_fatih_porikli|2169261594_jianbing_shen|2142547891_ling_shao,9465|10328|11293,12,computer_science|artificial_intelligence|machine_learning|pattern_recognition|feature_vector|deep_learning|discriminative_model|segmentation|correlation|reference_frame|salient|training_set
3002588015,99294,2020,4,2176702104_michael_kaufmann|2312053838_jan_kratochvíl|106947057_pavel_valtr|282852810_fabrizio_montecchiani,264|578|1165|11806,7,discrete_mathematics|computer_science|graph|grid|planar_graph|stub_(electronics)|angular_resolution
3002733810,99295,2020,4,106771303_wojciech_rytter|449159822_maxime_crochemore|669301571_costas_s._iliopoulos|1290578138_tomasz_waleń,430|816|3678|7717,6,combinatorics|discrete_mathematics|computer_science|binary_logarithm|cyclic_shift|prefix
3002749917,99296,2020,3,17261969_maria_chudnovsky|2025155250_marcin_pilipczuk|2052713671_michał_pilipczuk,6973|11443|11444,6,combinatorics|discrete_mathematics|computer_science|graph|independent_set|quasi-polynomial
3002949983,99297,2020,3,2135669807_zhaoyang_zhang|2113284227_caijun_zhong|2600670627_xiaoming_chen,7500|8799|11349,11,mathematics|mathematical_optimization|computer_network|communication_channel|broadcasting|physical_layer|wireless|secrecy|cellular_network|radio_spectrum|wireless_security
3002973041,99298,2020,3,2643891464_guihai_chen|2121207983_chen_tian|2155983813_wanchun_dou,3530|9696|9793,10,computer_science|computer_network|real-time_computing|network_layer|queue|throughput|latency_(engineering)|network_congestion|flow_control_(data)|remote_direct_memory_access
3003005173,99299,2020,4,2966241718_prosenjit_bose|695374658_stefan_langerman|2112876687_john_iacono|2153685963_jean_cardinal,1152|3796|4496|6499,4,discrete_mathematics|computer_science|theoretical_computer_science|online_search
3003289097,99300,2020,4,2161810700_xiaojiang_du|2109386830_mohsen_guizani|2170760206_fan_li|2137519435_liehuang_zhu,7222|7804|8713|13296,11,computer_science|distributed_computing|computer_network|encryption|models_of_communication|cache|access_control|broadcast_encryption|the_internet|social_network|access_management
3003291422,99301,2020,5,1992934687_rolf_niedermeier|1971093416_piotr_faliszewski|2081061368_robert_bredereck|2269269046_piotr_skowron|2014610853_nimrod_talmon,3527|7414|11592|13094|13161,11,combinatorics|discrete_mathematics|mathematics|integer|parameterized_complexity|linear_programming|concave_function|integer_programming|piecewise_linear_function|computational_problem|multiset
3003288565,99302,2020,3,296576950_leonard_barolli|2251207388_makoto_ikeda|2156040166_keita_matsuo,3757|3758|9337,3,computer_science|automotive_engineering|driving_risk
3003303706,99303,2020,3,2285988874_mianxiong_dong|2310054889_kaoru_ota|2590308666_jun_wu,8520|8521|13199,11,computer_science|distributed_computing|computer_network|software|architecture|internet_of_things|virtualization|packet_analyzer|work_flow|blockchain|core_component
3003378376,99304,2020,3,2140429713_matias_korman|2028407875_wolfgang_mulzer|2007090497_andré_van_renssen,9559|10660|12613,11,combinatorics|discrete_mathematics|computer_science|polygon|rectangle|routing_table|chord_(music)|vertex_(geometry)|network_packet|histogram|header
3003443049,99305,2020,3,2143301307_lingyang_song|2030808869_christos_verikoukis|1299417380_bechir_hamdaoui,10230|11034|11436,8,computer_science|computer_network|scalability|accountability|internet_of_things|cryptocurrency|blockchain|special_section
3003449378,99306,2020,3,2144445569_saraju_p._mohanty|235745104_elias_kougianos|2307986818_deepak_puthal,9422|9423|13538,11,computer_science|authentication|cryptography|software_deployment|multimedia|embedded_system|scalability|data_security|the_internet|physical_unclonable_function|hardware_security_module
3003451927,99307,2020,3,2307119651_xuemin_sherman_shen|2238159027_ning_zhang|2153840244_nan_cheng,9377|12394|12808,11,computer_science|resource_allocation|distributed_computing|computer_network|telecommunications_network|resource_management|quality_of_service|server|network_performance|energy_consumption|virtualization
3003490096,99308,2020,3,2112462370_ming-hsuan_yang|2143183883_zhen_lei|2062704557_siwei_lyu,2987|7491|13072,9,mathematics|artificial_intelligence|computer_vision|bounding_overwatch|truncation|detector|object_detection|visual_surveillance|vehicle_type
3003482605,99309,2020,3,2159933393_amit_sahai|114908009_yuval_ishai|986054867_mark_zhandry,2331|2475|11642,6,computer_science|theoretical_computer_science|encryption|affine_transformation|witness|obfuscation
3003663149,99310,2020,3,2256822898_yan_zhang|2127294316_shahid_mumtaz|2492038514_zhenyu_zhou,9383|10734|12794,10,computer_science|computer_network|resource_management|throughput|server|incentive|heterogeneous_network|base_station|frequency_allocation|mechanism_design
3003685827,99311,2020,4,625360349_petr_a._golovach|1813900683_daniel_lokshtanov|317089815_fahad_panolan|2671555428_meirav_zehavi,5249|8566|12699|13560,4,mathematics|applied_mathematics|multiplicative_function|parametrization
3003720212,99312,2020,3,2116008403_zhu_han|2591325636_ping_wang|2462088444_dusit_niyato,6255|7729|7993,11,computer_science|computer_network|computer_security|implementation|systems_architecture|systems_design|incentive|government|commodity|network_effect|smart_city
3003759491,99313,2020,3,2139022045_kim_marriott|2140022242_bongshin_lee|2087252583_john_stasko,1259|6681|11323,7,computer_science|visualization|multimedia|data_visualization|multimodal_interaction|mobile_device|data_access
3003813153,99314,2020,3,195128582_zahir_tari|2129912041_xun_yi|2096217475_ibrahim_khalil,6847|9072|12984,5,computer_science|operating_system|access_control|blockchain|cloud_data
3003843517,99315,2020,3,713860055_alagan_anpalagan|2068673784_asad_masood_khattak|2333302889_waleed_ejaz,10376|10730|13653,12,computer_science|artificial_intelligence|computer_network|data_science|deep_learning|reinforcement_learning|user_requirements_document|wireless_network|wireless|default_gateway|performance_indicator|cloud_computing
3003877925,99316,2020,4,296576950_leonard_barolli|2251207388_makoto_ikeda|2156040166_keita_matsuo|505223090_donald_elmazi,3757|3758|9337|13509,4,computer_science|computer_network|fuzzy_logic|internet_of_things
3003984399,99317,2020,5,2952230475_giuseppe_liotta|2131290400_henk_meijer|2130365379_seok-hee_hong|427440905_stephen_g._kobourov|2120045270_emilio_di_giacomo,926|956|2312|3570|4464,8,combinatorics|discrete_mathematics|computer_science|graph|matching_(graph_theory)|planar_graph|vertex_(geometry)|packing_problems
3004127910,99318,2020,4,296576950_leonard_barolli|2251207388_makoto_ikeda|2156040166_keita_matsuo|505223090_donald_elmazi,3757|3758|9337|13509,3,computer_science|artificial_intelligence|fuzzy_logic
3004210690,99319,2020,3,243724773_shunsuke_inenaga|2558385632_masayuki_takeda|1971461878_hideo_bannai,3744|3745|4336,4,discrete_mathematics|computer_science|arithmetic|computation
3004319122,99320,2020,4,2076586244_branka_vucetic|2124065544_yonghui_li|2462088444_dusit_niyato|2714073915_ming_ding,4792|7101|7993|10655,10,computer_science|distributed_computing|architecture|signal_processing|perception|agile_software_development|technology_development|spectrum_management|vision|current_spectrum
3004335493,99321,2020,4,114908009_yuval_ishai|2149966762_benny_applebaum|2494492398_zvika_brakerski|2111572205_sanjam_garg,2475|8087|10071|10782,4,computer_science|secure_multi-party_computation|parallel_computing|oblivious_transfer
3004465905,99322,2020,4,2158257452_zhixu_li|2618536966_lei_zhao|2145818752_hongzhi_yin|2138196587_pengpeng_zhao,11311|11947|12614|13201,10,computer_science|data_mining|encryption|computer_data_storage|homomorphic_encryption|outsourcing|row|relational_operator|cloud_computing|graph_pattern_matching
3004492566,99323,2020,3,2162780983_seungmin_rho|2137348377_khan_muhammad|2170453683_sung_wook_baik,12989|13743|13744,11,database|electronic_engineering|engineering|cluster_analysis|energy_consumption|energy_management|electricity|population|profiling_(computer_programming)|big_data|smart_meter
3004524139,99324,2020,3,29017657_patrizio_pelliccione|2342910380_alexey_vinel|1898928781_eric_knauss,6631|10244|10634,11,computer_science|programming_language|implementation|systems_engineering|software_architecture|reference_architecture|truck|automotive_industry|architecture_framework|system_of_systems|original_equipment_manufacturer
3004570974,99325,2020,3,2047031519_alexander_serebrenik|2149102271_gregorio_robles|2291851674_andy_zaidman,2709|8892|9618,11,computer_science|data_mining|software_engineering|software_development|software_system|component-based_software_engineering|software|source_code|software_bug|source_lines_of_code|root_cause
3004603530,99326,2020,3,2145586806_laurence_t._yang|2567820109_athanasios_v._vasilakos|2782710277_kim-kwang_raymond_choo,5714|9408|13884,5,computer_science|distributed_computing|energy_management|cyber-physical_system|cloud_systems
3004827789,99327,2020,3,2153710278_hui_xiong|2118377178_zhiwen_yu|2105384808_bin_guo,5713|7148|10906,4,computer_science|artificial_intelligence|machine_learning|point_of_interest
3004897687,99328,2020,3,2109058337_ji_zhang|2144301289_xiaohui_tao|2131213447_jianming_yong,3854|8120|8517,9,computer_science|recall|medical_history|medical_physics|presentation_layer|drug|word_embedding|medical_prescription|drug_databases
3004986503,99329,2020,3,17261969_maria_chudnovsky|169680685_frédéric_havet|75617163_ron_aharoni,6973|9413|13854,4,combinatorics|discrete_mathematics|mathematics|bipartite_graph
3005073396,99330,2020,3,2116586133_depeng_jin|2249689289_yong_li|2155461083_xiangnan_he,7424|10421|11291,3,computer_science|information_retrieval|recommender_system
3005108641,99331,2020,3,2324750492_hui_li|2149828499_qinghua_zheng|1965944055_zheng_yan,8090|12579|13565,11,computer_science|distributed_computing|computer_network|heuristic|usability|wireless|data_collection|adaptive_security|lte_advanced|smart_city|security_measurement
3005136217,99332,2020,3,2162420529_gangyi_jiang|2133826857_mei_yu|2461162887_zongju_peng,7315|7316|9400,12,mathematics|artificial_intelligence|mathematical_optimization|pattern_recognition|polygon_mesh|computer_animation|smoothness|distortion|entropy_(information_theory)|digital_watermarking|gaussian_curvature|random_forest
3005138397,99333,2020,4,2603303308_jian_yang|2583553233_yong_xu|2223444130_bob_zhang|2617706543_zhihui_lai,4618|6226|9997|12438,11,mathematics|artificial_intelligence|pattern_recognition|matrix_(mathematics)|facial_recognition_system|regression_analysis|regression|diagonal|block_matrix|image_representation|matrix_norm
3005147339,99334,2020,3,2097761178_ce_zhu|2650647458_mai_xu|2136378688_ali_borji,7234|13263|13555,6,computer_science|artificial_intelligence|computer_vision|human–computer_interaction|perception|video_processing
3005172443,99335,2020,3,2150708589_dinggang_shen|2144661589_weili_lin|2106287748_qian_wang,3860|8472|10053,6,mathematics|artificial_intelligence|algorithm|computer_vision|deep_learning|magnetic_resonance_imaging
3005266772,99336,2020,4,1992959074_mehrdad_dianati|2072665702_naofal_al-dhahir|2277481822_sami_muhaidat|343860370_mahmoud_al-qutayri,7902|10277|13211|13391,10,mathematics|mathematical_optimization|expression_(mathematics)|monte_carlo_method|power_consumption|wireless|channel_state_information|pairwise_error_probability|energy_harvesting|maximum_power_transfer_theorem
3005426697,99337,2020,3,2227744130_michael_r._lyu|2132927693_david_lo|2167586149_xin_xia,5242|8720|13300,9,computer_science|theoretical_computer_science|human–computer_interaction|automation|training_set|baseline_(configuration_management)|email_address|labor_burden|response_generation
3005429940,99338,2020,3,2109031554_qiang_yang|2462088444_dusit_niyato|2155050195_han_yu,799|7993|8749,6,computer_science|artificial_intelligence|machine_learning|multimedia|incentive|federated_learning
3005673571,99339,2020,3,2016189893_pingzhi_fan|2144378114_yong_liang_guan|2157717957_zhengchun_zhou,5501|8954|9707,9,computer_science|electronic_engineering|communication_channel|communications_system|cluster_(physics)|periodic_graph_(geometry)|huffman_coding|power_ratio|basis_expansion
3005714493,99340,2020,3,2127360511_ren_ping_liu|2236956829_wei_ni|2102993455_hui_tian,10357|11173|11774,2,computer_science|computer_network
3005740173,99341,2020,3,688402840_victor_c._m._leung|2146427700_pei_xiao|2768233042_fuhui_zhou,6959|10511|13875,11,mathematics|mathematical_optimization|topology|optimization_problem|iterative_method|multicast|unicast|inner_loop|base_station|precoding|transmitter_power_output
3005775996,99342,2020,3,2121669957_xiangxu_meng|2162927838_shijun_liu|2134233121_gerard_de_melo,8107|8108|11976,7,artificial_intelligence|computer_vision|electronic_engineering|engineering|rgb_color_model|shadow|rgb_image
3005804633,99343,2020,3,2096583854_ryen_w._white|2009495402_nick_craswell|2163026013_leif_azzopardi,4858|5749|7260,4,computer_science|information_retrieval|search_engine|data-driven
3005851738,99344,2020,3,2296103407_an_liu|2618536966_lei_zhao|2145818752_hongzhi_yin,7569|11947|12614,8,computer_science|data_mining|theoretical_computer_science|graph|snapshot_(computer_storage)|knowledge_graph|graph_pattern_matching|logical_view
3005902227,99345,2020,4,2019871344_mikko_valkama|2168043136_yevgeni_koucheryavy|295421984_dmitri_moltchanov|1974990596_sergey_andreev,7254|7371|8526|10245,8,computer_science|computer_network|software_deployment|systems_design|backhaul_(telecommunications)|base_station|radio_access|antenna_array
3005971024,99346,2020,4,2125050856_xuemin_shen|2135838853_weihua_zhuang|2136977940_haibo_zhou|2153840244_nan_cheng,3583|7008|11776|12808,4,computer_science|distributed_computing|real-time_computing|air_ground
3005988457,99347,2020,3,2029230138_h._vincent_poor|2140484217_li_wang|1978351591_bingli_jiao,786|9808|11091,3,computer_science|computer_network|duplex_(telecommunications)
3006060664,99348,2020,3,2238216042_bruno_martins|2601749234_feng_chen|2619584304_liang_zhao,6097|12890|12965,4,computer_science|data_science|library_science|knowledge_extraction
3006083985,99349,2020,3,39471467_antonio_iera|2124934843_antonella_molinaro|242794451_giuseppe_araniti,4599|4600|4601,10,computer_science|computer_network|synchronization|broadcasting|latency_(engineering)|multicast|unicast|base_station|radio_access_technology|single-frequency_network
3006092984,99350,2020,3,2156731892_toby_walsh|1899386072_serge_gaspers|2122437719_haris_aziz,1250|7641|11944,5,mathematics|axiom|mathematical_optimization|mathematical_economics|school_choice
3006136924,99351,2020,3,2123991549_tzung-pei_hong|2057932303_bay_vo|2025687059_unil_yun,8062|12815|14204,10,algorithm|information_system|engineering|association_rule_learning|computing_systems|strategic_management|internet_of_things|business_activities|customer_needs|hars
3006186780,99352,2020,3,2110143046_yuhua_xu|2102758642_jinlong_wang|2648735618_xin_liu,10616|10617|11859,9,computer_science|distributed_computing|testbed|transmission_medium|cognitive_radio|frequency-hopping_spread_spectrum|direct-sequence_spread_spectrum|jamming|spectral_efficiency
3006214012,99353,2020,3,1999595270_roberto_grossi|669301571_costas_s._iliopoulos|66891910_solon_p._pissis,2055|3678|10134,8,combinatorics|discrete_mathematics|mathematics|data_structure|integer|periodic_graph_(geometry)|palindrome|string_processing
3006237791,99354,2020,3,270949118_wil_m._p._van_der_aalst|899792304_christof_weinhardt|1909457720_oliver_hinz,3651|9949|14118,4,knowledge_management|engineering|engineering_ethics|attention_economy
3006245299,99355,2020,3,2135864080_shui_yu|2223456168_lina_yao|2113587557_xianzhi_wang,5105|12173|13534,3,computer_science|distributed_computing|probabilistic_logic
3006309602,99356,2020,3,2002706164_margot_brereton|2168008697_jinglan_zhang|279890580_laurianne_sitbon,6087|11025|11312,11,computer_science|information_retrieval|world_wide_web|cognition|information_access|government|web_accessibility_initiative|publication|information_presentation|intellectual_disability|information_accessibility
3006376412,99357,2020,4,2095866887_xiaohu_you|2302688882_chuan_zhang|2172057046_warren_j._gross|2106907158_zaichen_zhang,6004|9622|12284|13785,9,computer_science|arithmetic|electronic_engineering|communication_channel|software|decoding_methods|latency_(engineering)|polar|mobile_communication_systems
3006574008,99358,2020,3,2012690264_shuiguang_deng|2168907694_mengchu_zhou|2124632089_jianwei_yin,5951|6394|6828,5,artificial_intelligence|computer_vision|medicine|rgb_color_model|parkinson's_disease
3006633338,99359,2020,3,743446463_marc_van_kreveld|2004349175_bettina_speckmann|98612900_goce_trajcevski,705|2918|4331,2,computer_science|data_science
3006818244,99360,2020,5,2113269357_alexander_g._hauptmann|2430169722_yi_yang|2420538054_ling_chen|2314522249_dinh_phung|2145609423_xiaojun_chang,4369|6916|7621|10211|13453,4,computer_science|artificial_intelligence|machine_learning|active_learning
3006840736,99361,2020,3,2123775253_cassidy_r._sugimoto|291762745_vincent_larivière|2140778852_ludo_waltman,9421|12514|14212,2,art|classics
3007023479,99362,2020,3,674992784_k._selçuk_candan|2100918400_lexing_xie|2139747825_marco_bertini,2159|4613|6301,5,computer_science|artificial_intelligence|machine_learning|multimedia|multimedia_information_systems
3007024586,99363,2020,20,1998938290_michael_stonebraker|2164040783_raghu_ramakrishnan|2523407221_michael_j._franklin|1986159374_dan_suciu|2163909284_surajit_chaudhuri|1983463915_tova_milo|2037466936_beng_chin_ooi|2242617642_donald_kossmann|2116519607_juliana_freire|2345141441_magdalena_balazinska|2081047619_peter_boncz|2169716560_anhai_doan|2154833104_alon_halevy|2344506219_thomas_neumann|1963964406_volker_markl|2188856032_stratos_idreos|2156135343_christopher_ré|2024002627_anastasia_ailamaki|2078839115_tim_kraska|2049394146_peter_bailis,117|397|581|1258|1384|1449|1587|2238|2999|4414|4577|4878|4880|5115|5923|6048|8371|8771|10255|12038,2,database|computer_science
3007378362,99364,2020,3,2078276142_clark_verbrugge|2080547065_bettina_kemme|2057929015_laurie_hendren,7211|10503|14213,5,computer_science|programming_language|information_retrieval|database_query|fusion
3007344014,99365,2020,3,2129598186_xueqi_cheng|2154124860_yanyan_lan|2581340266_jiafeng_guo,7242|9364|9539,4,computer_science|artificial_intelligence|machine_learning|ranking
3007515937,99366,2020,3,2010142017_ian_horrocks|1384229811_boris_motik|2117709049_bernardo_cuenca_grau,2217|4552|6925,5,database|computer_science|programming_language|query_language|datalog
3008211569,99367,2020,3,31261168_yannis_theodoridis|167530315_christos_doulkeridis|2020175353_nikos_pelekis,1149|7455|9124,3,computer_science|artificial_intelligence|machine_learning
3008425355,99368,2020,3,2084683202_qionghai_dai|2131277106_yongbing_zhang|2155536069_yongdong_zhang,7531|7663|8514,5,computer_science|artificial_intelligence|computer_vision|closed_captioning|stat
3008439911,99369,2020,4,2076586244_branka_vucetic|2695280678_wen_chen|2143894077_zihuai_lin|2254229294_hang_su,4792|9726|10619|12446,10,computer_science|communication_channel|topology|euclidean_distance|word_error_rate|relay|diversity_gain|coding_gain|linear_network_coding|relay_channel
3008489521,99370,2020,3,5014031_jens_palsberg|1988947184_benjamin_c._pierce|2130756752_michael_hicks,797|1431|4609,4,computer_science|programming_language|software_engineering|carbon
3008559426,99371,2020,3,2160510735_onur_mutlu|2121823872_qingxu_deng|2125811161_nan_guan,6230|6852|8504,4,computer_science|parallel_computing|execution_model|field-programmable_gate_array
3008629102,99372,2020,3,2125481875_xuemin_lin|2134649587_lu_qin|2604265191_ying_zhang,1792|8000|8191,5,computer_science|data_mining|computer_network|shortest_path_problem|road_networks
3008801280,99373,2020,3,72457414_fukuhito_ooshita|2088404459_hirotsugu_kakugawa|2075504009_toshimitsu_masuzawa,7581|7582|7583,8,computer_science|artificial_intelligence|theoretical_computer_science|pattern_recognition|graph|leader_election|identifier|population
3008847732,99374,2020,3,2102122772_giancarlo_mauri|2059856784_alberto_leporati|2040447644_luca_manzoni,835|7677|11208,2,mathematics|soil_science
